<?xml version="1.0" encoding="UTF-8" ?>
<!DOCTYPE mapper
        PUBLIC "-//mybatis.org//DTD Mapper 3.0//EN"
        "http://mybatis.org/dtd/mybatis-3-mapper.dtd">
<mapper namespace="com.example.mapper.AdvertisementListMapper">

    <insert id="insert" parameterType="com.example.entity.Advertisement">
        insert into `advertisement` (title,content,image,category,keywords,create_time,status,user_id,user_name)
        values (#{title},#{content},#{image},#{category},#{keywords},#{createTime},#{status},#{userId},#{userName})
    </insert>
    <update id="update" parameterType="com.example.entity.Advertisement">
        update `advertisement`  set title=#{title}, content=#{content}, image=#{image}, category=#{category}, keywords=#{keywords}, create_time=#{createTime}, status=#{status}
        where id=#{id}
    </update>

    <select id="selectById" resultType="com.example.entity.Advertisement">
        select * from `advertisement`
        <where>
            <if test="advertisement.title != null">title like concat('%',#{advertisement.title},'%')</if>
            <if test="advertisement.category != null and advertisement.category != ''">AND category = #{advertisement.category}</if>
            <if test="advertisement.userId != null">AND user_id = #{advertisement.userId}</if>
        </where>
    </select>


</mapper>