<?xml version="1.0" encoding="UTF-8" ?>
<!DOCTYPE mapper
        PUBLIC "-//mybatis.org//DTD Mapper 3.0//EN"
        "http://mybatis.org/dtd/mybatis-3-mapper.dtd">
<mapper namespace="com.example.mapper.UserMapper">


<!--    &lt;!&ndash; 根据用户名查询用户 &ndash;&gt;-->
<!--    <select id="selectByUsername" resultType="com.example.entity.User">-->
<!--        SELECT * FROM user WHERE name = #{username}-->
<!--    </select>-->

<!--    &lt;!&ndash; 插入用户 &ndash;&gt;-->
<!--    <insert id="insert" parameterType="com.example.entity.User">-->
<!--        INSERT INTO user (name, password, role)-->
<!--        VALUES (#{username}, #{password}, #{role})-->
<!--    </insert>-->

<!--    &lt;!&ndash; 根据ID删除用户 &ndash;&gt;-->
<!--    <delete id="deleteById" parameterType="java.lang.Integer">-->
<!--        DELETE FROM user WHERE id = #{id}-->
<!--    </delete>-->

<!--    &lt;!&ndash; 更新用户信息 &ndash;&gt;-->
<!--    <update id="updateById" parameterType="com.example.entity.User">-->
<!--        UPDATE user-->
<!--        SET name = #{username}, password = #{password}, role = #{role}-->
<!--        WHERE id = #{id}-->
<!--    </update>-->

<!--    &lt;!&ndash; 根据ID查询用户 &ndash;&gt;-->
<!--    <select id="selectById" resultType="com.example.entity.User">-->
<!--        SELECT * FROM user WHERE id = #{id}-->
<!--    </select>-->

<!--    &lt;!&ndash; 查询所有用户，按名字模糊查询 &ndash;&gt;-->
<!--    <select id="selectAll" resultType="com.example.entity.User">-->
<!--        SELECT * FROM user WHERE name LIKE CONCAT('%', #{name}, '%')-->
<!--    </select>-->


    <select id="selectWebName" resultType="com.example.entity.User">
        SELECT web_name FROM `user`
        WHERE web_name != 'null'
    </select>
</mapper>