<?xml version="1.0" encoding="UTF-8" ?>
<!DOCTYPE mapper
        PUBLIC "-//mybatis.org//DTD Mapper 3.0//EN"
        "http://mybatis.org/dtd/mybatis-3-mapper.dtd">
<mapper namespace="com.example.mapper.NewsMapper">
    <!-- 获取所有新闻列表，按发布时间降序排序 -->
    <select id="getAllNews" resultType="com.example.entity.News">
        select * from news
        order by publication_time desc
    </select>
    <!-- 获取所有不同的分类标签 -->
    <select id="getAllTags" resultType="java.lang.String">
        SELECT DISTINCT tags
        FROM news
        WHERE tags IS NOT NULL AND tags != ''
    </select>

    <select id="getNewsById" parameterType="int" resultType="com.example.entity.News">
        SELECT * FROM news WHERE id = #{id}
    </select>

    <select id="searchNews" parameterType="string" resultType="com.example.entity.News">
        SELECT * FROM news
        WHERE title LIKE CONCAT('%', #{query}, '%')
           OR content LIKE CONCAT('%', #{query}, '%')
           OR tags LIKE CONCAT('%', #{query}, '%')
        ORDER BY publication_time DESC
    </select>

    <select id="getNewsByTag" parameterType="string" resultType="com.example.entity.News">
        SELECT * FROM news WHERE tags LIKE CONCAT('%', #{tag}, '%')
        ORDER BY publication_time DESC
    </select>

    <select id="getRandomNewsForCarousel" parameterType="int" resultType="com.example.entity.News">
        SELECT * FROM news
        WHERE image_url IS NOT NULL AND image_url != ''
        ORDER BY RAND()
            LIMIT #{count}
    </select>

</mapper>