<?xml version="1.0" encoding="UTF-8" ?>
<!DOCTYPE mapper
        PUBLIC "-//mybatis.org//DTD Mapper 3.0//EN"
        "http://mybatis.org/dtd/mybatis-3-mapper.dtd">
<mapper namespace="com.example.mapper.UserMapper">
    <select id="selectAll" resultType="com.example.entity.User">
        SELECT * FROM user
        <where>
            role="USER" OR role=”WEBMASTER“
            <if test="name!= null and name != ''">
                and name LIKE CONCAT('%', #{name}, '%')
            </if>
        </where>
    </select>
    <select id="selectWebName" resultType="com.example.entity.User">
        SELECT web_name,web_url FROM `user`
        WHERE web_name != 'null'
    </select>
</mapper>