<?xml version="1.0" encoding="UTF-8" ?>
<!DOCTYPE mapper
        PUBLIC "-//mybatis.org//DTD Mapper 3.0//EN"
        "http://mybatis.org/dtd/mybatis-3-mapper.dtd">
<mapper namespace="com.example.mapper.StatisticsMapper">
    <insert id="insertMonthlyData">
        INSERT INTO monthly (date, user_id, advertisement_id, shopping_click, news_click)
        VALUES (#{currentMonth}, #{userId}, #{advertisementId}, #{shoppingClickSum}, #{newsClickSum})
    </insert>
    <insert id="insertAnnualData">
        INSERT INTO annual (date, user_id, advertisement_id, shopping_click, news_click)
        VALUES (#{currentYear}, #{userId}, #{advertisementId}, #{shoppingClickSum}, #{newsClickSum})
    </insert>


    <update id="updateDailyClicks">
        UPDATE daily
        SET shopping_click = shopping_click +  #{shoppingClick}, news_click = news_click + #{newsClick}
        WHERE advertisement_id = #{advertisementId} AND `date` = #{date}
    </update>

    <update id="updateMonthlyData">
        UPDATE `monthly`
        SET shopping_click = #{shoppingClickSum}, news_click = #{newsClickSum}
        WHERE advertisement_id = #{advertisementId} AND `date` = #{currentMonth}
    </update>

    <update id="updateAnnualData">
        UPDATE `annual`
        SET shopping_click = #{shoppingClickSum}, news_click = #{newsClickSum}
        WHERE advertisement_id = #{advertisementId} AND `date` = #{currentYear}
    </update>

    <select id="dailySelectAll" resultType="com.example.entity.Statistics">
        SELECT
            date,
            SUM(shopping_click) AS shopping_click,
            SUM(news_click) AS news_click
        FROM
            daily
        GROUP BY
            `date`;
    </select>

    <select id="dailySelectByAdvertisementId" resultType="com.example.entity.Statistics">
        select * from `daily`
        where advertisement_id = #{advertisementId}
        order by `date` desc
    </select>

    <select id="dailySelectByUserId" resultType="com.example.entity.Statistics">
        SELECT
            user_id,
            date,
            SUM(shopping_click) AS shopping_click,
            SUM(news_click) AS news_click
        FROM
            daily
        WHERE
            user_id = #{userId} -- 替换为指定的 user_id
        GROUP BY
            user_id, `date`;

    </select>

    <select id="monthlySelectAll" resultType="com.example.entity.Statistics">
        select * from `monthly`
        order by `date` desc
    </select>

    <select id="monthlySelectByAdvertisementId" resultType="com.example.entity.Statistics">
        select * from `monthly`
        where advertisement_id = #{advertisementId}
        order by `date` desc
    </select>

    <select id="monthlySelectByUserId" resultType="com.example.entity.Statistics">
        SELECT
            user_id,
            date,
            SUM(shopping_click) AS shopping_click,
            SUM(news_click) AS news_click
        FROM
            monthly
        WHERE
            user_id = #{userId} -- 替换为指定的 user_id
        GROUP BY
            user_id, `date`;

    </select>

    <select id="annualSelectAll" resultType="com.example.entity.Statistics">
        select * from `annual`
        order by `date` desc
    </select>

    <select id="annualSelectByAdvertisementId" resultType="com.example.entity.Statistics">
        select * from `annual`
        where advertisement_id = #{advertisementId}
        order by `date` desc
    </select>

    <select id="annualSelectByUserId" resultType="com.example.entity.Statistics">
        SELECT
            user_id,
            date,
            SUM(shopping_click) AS shopping_click,
            SUM(news_click) AS news_click
        FROM
            annual
        WHERE
            user_id = #{userId} -- 替换为指定的 user_id
        GROUP BY
            user_id, `date`;

    </select>

    <select id="groupByAdvertisementForMonth" resultType="map">
        SELECT
            DATE_FORMAT(date, '%Y-%m') AS month, -- 格式化日期为年月
            advertisement_id,                   -- 广告 ID
            SUM(shopping_click) AS shopping_click_sum, -- 购物点击总数
            SUM(news_click) AS news_click_sum,          -- 新闻点击总数
            user_id
        FROM
            daily
        GROUP BY
            DATE_FORMAT(date, '%Y-%m'), advertisement_id,user_id; -- 按年月和广告 ID 分组
    </select>

    <select id="groupByAdvertisementForYear" resultType="java.util.Map">
        SELECT
            advertisement_id,
            user_id,
            SUM(shopping_click) AS shopping_click_sum,
            SUM(news_click) AS news_click_sum,
            SUBSTRING(date, 1, 4) AS annual -- 格式化日期为年月
        FROM
            monthly
        GROUP BY
            SUBSTRING(date, 1, 4), advertisement_id, user_id;
    </select>


</mapper>