<?xml version="1.0" encoding="UTF-8" ?>
<!DOCTYPE mapper
        PUBLIC "-//mybatis.org//DTD Mapper 3.0//EN"
        "http://mybatis.org/dtd/mybatis-3-mapper.dtd">
<mapper namespace="com.example.mapper.NewsMapper">

    <insert id="insert" parameterType="com.example.entity.News">
        insert into `advertisement_news` (title,content,image,category,keywords,create_time,status,user_id,user_name,advertisement_id,url)
        values (#{title},#{content},#{image},#{category},#{keywords},#{createTime},#{status},#{userId},#{userName},#{id},#{url})
    </insert>
    <update id="updateClickByAdvertisementId" parameterType="com.example.entity.News">
        update `advertisement_news` set click = click+1, sum_click = sum_click+1
        where advertisement_id = #{advertisementId}
    </update>
    <select id="selectByAdvertisementId" resultType="java.lang.Boolean">
        SELECT EXISTS (
            SELECT 1
            FROM advertisement_news
            WHERE advertisement_id = #{advertisementId}
        )
    </select>
    <select id="selectUrlByAdvertisementId" resultType="com.example.entity.News">
        select * from `advertisement_news`
    </select>
    <select id="selectMoneyByAdvertisementId" resultType="com.example.entity.News">
        select * from `advertisement_news`
        where advertisement_id = #{advertisementId}
    </select>
    <!--    <update id="update" parameterType="com.example.entity.Advertisement">-->
<!--        update `advertisement`  set title=#{title}, content=#{content}, image=#{image}, category=#{category}, keywords=#{keywords}, create_time=#{createTime}-->
<!--        where id=#{id}-->
<!--    </update>-->

<!--    <select id="selectById" resultType="com.example.entity.Advertisement">-->
<!--        select * from `advertisement`-->
<!--        <where>-->
<!--            <if test="advertisement.title != null">title like concat('%',#{advertisement.title},'%')</if>-->
<!--            <if test="advertisement.category != null and advertisement.category != ''">AND category = #{advertisement.category}</if>-->
<!--            <if test="advertisement.userId != null">AND user_id = #{advertisement.userId}</if>-->
<!--        </where>-->
<!--    </select>-->


</mapper>