<?xml version="1.0" encoding="UTF-8" ?>
<!DOCTYPE mapper
        PUBLIC "-//mybatis.org//DTD Mapper 3.0//EN"
        "http://mybatis.org/dtd/mybatis-3-mapper.dtd">
<mapper namespace="com.example.mapper.AdvertisementMapper">
    <select id="selectAll" resultType="com.example.entity.Advertisement">
        select * from `advertisement`
        <where>
            <if test="title != null and title != ''">title like concat('%', #{title}, '%')</if>
            <if test="category != ''">and category = #{category}</if>
        </where>
        order by id desc
    </select>
    <delete id="deleteById" parameterType="com.example.entity.Advertisement">
        delete from `advertisement` where id=#{id}
    </delete>
    <update id="updateStatus" parameterType="com.example.entity.Advertisement">
        UPDATE `advertisement`
        SET status = '已投放第三方平台'
        WHERE status = '已提交平台';
    </update>
</mapper>