<!DOCTYPE mapper
        PUBLIC "-//mybatis.org//DTD Mapper 3.0//EN"
        "http://mybatis.org/dtd/mybatis-3-mapper.dtd">
<mapper namespace="com.example.mapper.ProductMapper">

                    <!--获取所有商品-->
    <select id="selectAllProducts" resultType="com.example.entity.Product">
        select * from `product`
    </select>
                <!--    根据id获取商品-->
    <select id="selectProductByname" resultType="com.example.entity.Product">
        select * from `product` where name=#{name}
    </select>
                <!--    根据类别获取商品-->
    <select id="selectProductsByCategory" resultType="com.example.entity.Product">
        select * from `product` where category=#{category}
    </select>
    <select id="selectAllCategory" resultType="java.lang.String">
        SELECT DISTINCT category FROM product
    </select>
    <select id="selectProductById" resultType="com.example.entity.Product">
        select * from product where product_id=#{productId}
    </select>

</mapper>
