<?xml version="1.0" encoding="UTF-8" ?>
<!DOCTYPE mapper
        PUBLIC "-//mybatis.org//DTD Mapper 3.0//EN"
        "http://mybatis.org/dtd/mybatis-3-mapper.dtd">
<mapper namespace="com.example.mapper.ShoppingMapper">

    <insert id="insert" parameterType="com.example.entity.Shopping">
        insert into `advertisement_shopping` (title,content,image,category,keywords,create_time,status,user_id,user_name,advertisement_id,url)
        values (#{title},#{content},#{image},#{category},#{keywords},#{createTime},#{status},#{userId},#{userName},#{id},#{url})
    </insert>
    <update id="updateClickByAdvertisementId" parameterType="com.example.entity.Shopping">
        update `advertisement_shopping` set click = click+1, sum_click = sum_click+1
        where advertisement_id = #{advertisementId}
    </update>
    <select id="selectByAdvertisementId" resultType="java.lang.Boolean">
        SELECT EXISTS (
            SELECT 1
            FROM advertisement_shopping
            WHERE advertisement_id = #{advertisementId}
        )
    </select>
    <select id="selectAll" resultType="com.example.entity.Shopping">
        select * from `advertisement_shopping`
        <where>
            <if test="title != null and title != ''">title like concat('%', #{title}, '%')</if>
            <if test="category != null and category != ''">and category = #{category}</if>
        </where>
        order by id desc
    </select>
    <select id="selectMoneyByAdvertisementId" resultType="com.example.entity.Shopping">
        select * from `advertisement_shopping`
        where advertisement_id = #{advertisementId}
    </select>
    <update id="update" parameterType="com.example.entity.Advertisement">
        update `advertisement_shopping`  set title=#{title}, content=#{content}, image=#{image}, category=#{category}, keywords=#{keywords}, create_time=#{createTime}, status=#{status}
        where advertisement_id=#{id}
    </update>
    <update id="updateStatus" parameterType="com.example.entity.Advertisement">
        update `advertisement_shopping`
        SET status = '已投放第三方平台'
        WHERE status = '已提交平台';
    </update>
    <select id="selectByUserId" resultType="java.lang.Boolean">
        SELECT EXISTS (
            SELECT 1
            FROM advertisement_shopping
            WHERE user_id = #{userId}
        )
    </select>
    <select id="selectMoneyByUserId" resultType="com.example.entity.Shopping">
        SELECT
            user_id,
            SUM(sum_click) AS sum_click
        FROM
            advertisement_shopping
        WHERE
            user_id = #{userId}
        GROUP BY
            user_id;

    </select>

    <update id="sumClick">
        update `advertisement_shopping` set sum_click = sum_click + click, click = 0;
    </update>
    <select id="groupByAdvertisementClicks" resultType="map">
        SELECT advertisement_id, SUM(click) AS click
        FROM advertisement_shopping
        GROUP BY advertisement_id
    </select>

    <!-- 查询 advertisement_id 和 user_id 以及点击量 click -->
    <select id="selectAdvertisementData" resultType="map">
        SELECT advertisement_id, user_id, SUM(click) AS click
        FROM advertisement_shopping
        GROUP BY advertisement_id, user_id
    </select>
    <select id="selectAllClick" resultType="integer">
        SELECT SUM(sum_click) from advertisement_shopping
    </select>
</mapper>